"","CO_CATEGAD","QE_I15","percentual_aluno","percentual_grad"
"1",1,"Com cota",0.277329420396185,0.559082892416226
"2",1,"Sem cota",0.722670579603815,0.73502538071066
"3",2,"Com cota",0.36794425087108,0.551136363636364
"4",2,"Sem cota",0.63205574912892,0.632855567805954
"5",4,"Com cota",0.182274247491639,0.669724770642202
"6",4,"Sem cota",0.817725752508361,0.82719836400818
"7",5,"Com cota",0.136690647482014,0.684210526315789
"8",5,"Sem cota",0.863309352517986,0.833333333333333
